{
    "0": {
        "testing": [
            "INEX_LD-2012307",
            "INEX_LD-2012321",
            "INEX_LD-2012367",
            "INEX_LD-20120122",
            "INEX_LD-20120422",
            "INEX_LD-20120522",
            "INEX_LD-2012349",
            "INEX_LD-2012390",
            "INEX_LD-2009061",
            "INEX_LD-2009039",
            "INEX_LD-2012381",
            "INEX_LD-2010037",
            "INEX_LD-2009063",
            "INEX_LD-2012389",
            "INEX_LD-2010043",
            "INEX_LD-2010057",
            "INEX_LD-2012361",
            "INEX_LD-2012337",
            "INEX_LD-2009115",
            "INEX_LD-2012363"
        ],
        "training": [
            "INEX_LD-20120312",
            "INEX_LD-2010014",
            "INEX_LD-20120131",
            "INEX_LD-2009053",
            "INEX_LD-2012375",
            "INEX_LD-2012339",
            "INEX_LD-2012354",
            "INEX_LD-20120321",
            "INEX_LD-2012305",
            "INEX_LD-2010100",
            "INEX_LD-2009022",
            "INEX_LD-2012336",
            "INEX_LD-20120232",
            "INEX_LD-2012335",
            "INEX_LD-2010020",
            "INEX_LD-2012385",
            "INEX_LD-2012331",
            "INEX_LD-2012365",
            "INEX_LD-2012377",
            "INEX_LD-2012327",
            "INEX_LD-20120121",
            "INEX_LD-2012359",
            "INEX_LD-2012343",
            "INEX_LD-2012357",
            "INEX_LD-2012355",
            "INEX_LD-2012329",
            "INEX_LD-2012371",
            "INEX_LD-20120231",
            "INEX_LD-20120311",
            "INEX_LD-2012372",
            "INEX_LD-2012318",
            "INEX_LD-20120512",
            "INEX_LD-2009074",
            "INEX_LD-20120221",
            "INEX_LD-2012353",
            "INEX_LD-20120332",
            "INEX_LD-20120111",
            "INEX_LD-2012347",
            "INEX_LD-2012303",
            "INEX_LD-2010004",
            "INEX_LD-2009096",
            "INEX_LD-2012345",
            "INEX_LD-20120331",
            "INEX_LD-20120212",
            "INEX_LD-20120531",
            "INEX_LD-20120432",
            "INEX_LD-2012315",
            "INEX_LD-2009111",
            "INEX_LD-20120511",
            "INEX_LD-20120532",
            "INEX_LD-20120132",
            "INEX_LD-2012311",
            "INEX_LD-2012373",
            "INEX_LD-2012387",
            "INEX_LD-20120322",
            "INEX_LD-2012333",
            "INEX_LD-20120411",
            "INEX_LD-20120211",
            "INEX_LD-2012317",
            "INEX_LD-2012319",
            "INEX_LD-2012309",
            "INEX_LD-20120521",
            "INEX_LD-2012323",
            "INEX_LD-2012351",
            "INEX_LD-2009062",
            "INEX_LD-20120421",
            "INEX_LD-2010019",
            "INEX_LD-20120412",
            "INEX_LD-20120112",
            "INEX_LD-2012325",
            "INEX_LD-2012369",
            "INEX_LD-2010069",
            "INEX_LD-2012301",
            "INEX_LD-20120431",
            "INEX_LD-2012313",
            "INEX_LD-20120222",
            "INEX_LD-2012341",
            "INEX_LD-2010106",
            "INEX_LD-2012383"
        ]
    },
    "1": {
        "testing": [
            "INEX_LD-20120312",
            "INEX_LD-2012375",
            "INEX_LD-2012305",
            "INEX_LD-20120232",
            "INEX_LD-2012331",
            "INEX_LD-20120121",
            "INEX_LD-2012357",
            "INEX_LD-20120231",
            "INEX_LD-20120512",
            "INEX_LD-20120332",
            "INEX_LD-2010004",
            "INEX_LD-20120212",
            "INEX_LD-2009111",
            "INEX_LD-2012311",
            "INEX_LD-2012333",
            "INEX_LD-2012319",
            "INEX_LD-2012351",
            "INEX_LD-20120412",
            "INEX_LD-2010069",
            "INEX_LD-20120222"
        ],
        "training": [
            "INEX_LD-2012307",
            "INEX_LD-2010014",
            "INEX_LD-20120131",
            "INEX_LD-2009053",
            "INEX_LD-2012321",
            "INEX_LD-2012339",
            "INEX_LD-2012354",
            "INEX_LD-20120321",
            "INEX_LD-2012367",
            "INEX_LD-2010100",
            "INEX_LD-2009022",
            "INEX_LD-2012336",
            "INEX_LD-20120122",
            "INEX_LD-2012335",
            "INEX_LD-2010020",
            "INEX_LD-2012385",
            "INEX_LD-20120422",
            "INEX_LD-2012365",
            "INEX_LD-2012377",
            "INEX_LD-2012327",
            "INEX_LD-20120522",
            "INEX_LD-2012359",
            "INEX_LD-2012349",
            "INEX_LD-2012355",
            "INEX_LD-2012329",
            "INEX_LD-2012371",
            "INEX_LD-2012390",
            "INEX_LD-20120311",
            "INEX_LD-2012372",
            "INEX_LD-2012318",
            "INEX_LD-2009061",
            "INEX_LD-2009074",
            "INEX_LD-20120221",
            "INEX_LD-2012353",
            "INEX_LD-2009039",
            "INEX_LD-20120111",
            "INEX_LD-2012347",
            "INEX_LD-2012303",
            "INEX_LD-2012381",
            "INEX_LD-2009096",
            "INEX_LD-2012345",
            "INEX_LD-20120331",
            "INEX_LD-2010037",
            "INEX_LD-20120531",
            "INEX_LD-20120432",
            "INEX_LD-2012315",
            "INEX_LD-2009063",
            "INEX_LD-20120511",
            "INEX_LD-20120532",
            "INEX_LD-20120132",
            "INEX_LD-2012389",
            "INEX_LD-2012373",
            "INEX_LD-2012387",
            "INEX_LD-20120322",
            "INEX_LD-2010043",
            "INEX_LD-20120411",
            "INEX_LD-20120211",
            "INEX_LD-2012317",
            "INEX_LD-2010057",
            "INEX_LD-2012309",
            "INEX_LD-20120521",
            "INEX_LD-2012323",
            "INEX_LD-2012361",
            "INEX_LD-2009062",
            "INEX_LD-20120421",
            "INEX_LD-2010019",
            "INEX_LD-2012337",
            "INEX_LD-20120112",
            "INEX_LD-2012325",
            "INEX_LD-2012369",
            "INEX_LD-2009115",
            "INEX_LD-2012301",
            "INEX_LD-20120431",
            "INEX_LD-2012313",
            "INEX_LD-2012363",
            "INEX_LD-2012341",
            "INEX_LD-2010106",
            "INEX_LD-2012383"
        ]
    },
    "2": {
        "testing": [
            "INEX_LD-2010014",
            "INEX_LD-2012339",
            "INEX_LD-2010100",
            "INEX_LD-2012335",
            "INEX_LD-2012365",
            "INEX_LD-2012359",
            "INEX_LD-2012355",
            "INEX_LD-20120311",
            "INEX_LD-2009074",
            "INEX_LD-20120111",
            "INEX_LD-2009096",
            "INEX_LD-20120531",
            "INEX_LD-20120511",
            "INEX_LD-2012373",
            "INEX_LD-20120411",
            "INEX_LD-2012309",
            "INEX_LD-2009062",
            "INEX_LD-20120112",
            "INEX_LD-2012301",
            "INEX_LD-2012341"
        ],
        "training": [
            "INEX_LD-2012307",
            "INEX_LD-20120312",
            "INEX_LD-20120131",
            "INEX_LD-2009053",
            "INEX_LD-2012321",
            "INEX_LD-2012375",
            "INEX_LD-2012354",
            "INEX_LD-20120321",
            "INEX_LD-2012367",
            "INEX_LD-2012305",
            "INEX_LD-2009022",
            "INEX_LD-2012336",
            "INEX_LD-20120122",
            "INEX_LD-20120232",
            "INEX_LD-2010020",
            "INEX_LD-2012385",
            "INEX_LD-20120422",
            "INEX_LD-2012331",
            "INEX_LD-2012377",
            "INEX_LD-2012327",
            "INEX_LD-20120522",
            "INEX_LD-20120121",
            "INEX_LD-2012343",
            "INEX_LD-2012349",
            "INEX_LD-2012357",
            "INEX_LD-2012329",
            "INEX_LD-2012371",
            "INEX_LD-2012390",
            "INEX_LD-20120231",
            "INEX_LD-2012372",
            "INEX_LD-2012318",
            "INEX_LD-2009061",
            "INEX_LD-20120512",
            "INEX_LD-20120221",
            "INEX_LD-2012353",
            "INEX_LD-2009039",
            "INEX_LD-20120332",
            "INEX_LD-2012347",
            "INEX_LD-2012303",
            "INEX_LD-2012381",
            "INEX_LD-2010004",
            "INEX_LD-2012345",
            "INEX_LD-20120331",
            "INEX_LD-2010037",
            "INEX_LD-20120212",
            "INEX_LD-20120432",
            "INEX_LD-2012315",
            "INEX_LD-2009063",
            "INEX_LD-2009111",
            "INEX_LD-20120532",
            "INEX_LD-20120132",
            "INEX_LD-2012389",
            "INEX_LD-2012311",
            "INEX_LD-2012387",
            "INEX_LD-20120322",
            "INEX_LD-2010043",
            "INEX_LD-2012333",
            "INEX_LD-20120211",
            "INEX_LD-2012317",
            "INEX_LD-2010057",
            "INEX_LD-2012319",
            "INEX_LD-20120521",
            "INEX_LD-2012323",
            "INEX_LD-2012361",
            "INEX_LD-2012351",
            "INEX_LD-20120421",
            "INEX_LD-2010019",
            "INEX_LD-2012337",
            "INEX_LD-20120412",
            "INEX_LD-2012325",
            "INEX_LD-2012369",
            "INEX_LD-2009115",
            "INEX_LD-2010069",
            "INEX_LD-20120431",
            "INEX_LD-2012313",
            "INEX_LD-2012363",
            "INEX_LD-20120222",
            "INEX_LD-2010106",
            "INEX_LD-2012383"
        ]
    },
    "3": {
        "testing": [
            "INEX_LD-20120131",
            "INEX_LD-2012354",
            "INEX_LD-2009022",
            "INEX_LD-2010020",
            "INEX_LD-2012377",
            "INEX_LD-2012329",
            "INEX_LD-2012372",
            "INEX_LD-20120221",
            "INEX_LD-2012347",
            "INEX_LD-2012345",
            "INEX_LD-20120432",
            "INEX_LD-20120532",
            "INEX_LD-2012387",
            "INEX_LD-20120211",
            "INEX_LD-20120521",
            "INEX_LD-20120421",
            "INEX_LD-2012325",
            "INEX_LD-20120431",
            "INEX_LD-2010106"
        ],
        "training": [
            "INEX_LD-2012307",
            "INEX_LD-20120312",
            "INEX_LD-2010014",
            "INEX_LD-2009053",
            "INEX_LD-2012321",
            "INEX_LD-2012375",
            "INEX_LD-2012339",
            "INEX_LD-20120321",
            "INEX_LD-2012367",
            "INEX_LD-2012305",
            "INEX_LD-2010100",
            "INEX_LD-2012336",
            "INEX_LD-20120122",
            "INEX_LD-20120232",
            "INEX_LD-2012335",
            "INEX_LD-2012385",
            "INEX_LD-20120422",
            "INEX_LD-2012331",
            "INEX_LD-2012365",
            "INEX_LD-2012327",
            "INEX_LD-20120522",
            "INEX_LD-20120121",
            "INEX_LD-2012359",
            "INEX_LD-2012343",
            "INEX_LD-2012349",
            "INEX_LD-2012357",
            "INEX_LD-2012355",
            "INEX_LD-2012371",
            "INEX_LD-2012390",
            "INEX_LD-20120231",
            "INEX_LD-20120311",
            "INEX_LD-2012318",
            "INEX_LD-2009061",
            "INEX_LD-20120512",
            "INEX_LD-2009074",
            "INEX_LD-2012353",
            "INEX_LD-2009039",
            "INEX_LD-20120332",
            "INEX_LD-20120111",
            "INEX_LD-2012303",
            "INEX_LD-2012381",
            "INEX_LD-2010004",
            "INEX_LD-2009096",
            "INEX_LD-20120331",
            "INEX_LD-2010037",
            "INEX_LD-20120212",
            "INEX_LD-20120531",
            "INEX_LD-2012315",
            "INEX_LD-2009063",
            "INEX_LD-2009111",
            "INEX_LD-20120511",
            "INEX_LD-20120132",
            "INEX_LD-2012389",
            "INEX_LD-2012311",
            "INEX_LD-2012373",
            "INEX_LD-20120322",
            "INEX_LD-2010043",
            "INEX_LD-2012333",
            "INEX_LD-20120411",
            "INEX_LD-2012317",
            "INEX_LD-2010057",
            "INEX_LD-2012319",
            "INEX_LD-2012309",
            "INEX_LD-2012323",
            "INEX_LD-2012361",
            "INEX_LD-2012351",
            "INEX_LD-2009062",
            "INEX_LD-2010019",
            "INEX_LD-2012337",
            "INEX_LD-20120412",
            "INEX_LD-20120112",
            "INEX_LD-2012369",
            "INEX_LD-2009115",
            "INEX_LD-2010069",
            "INEX_LD-2012301",
            "INEX_LD-2012313",
            "INEX_LD-2012363",
            "INEX_LD-20120222",
            "INEX_LD-2012341",
            "INEX_LD-2012383"
        ]
    },
    "4": {
        "testing": [
            "INEX_LD-2009053",
            "INEX_LD-20120321",
            "INEX_LD-2012336",
            "INEX_LD-2012385",
            "INEX_LD-2012327",
            "INEX_LD-2012343",
            "INEX_LD-2012371",
            "INEX_LD-2012318",
            "INEX_LD-2012353",
            "INEX_LD-2012303",
            "INEX_LD-20120331",
            "INEX_LD-2012315",
            "INEX_LD-20120132",
            "INEX_LD-20120322",
            "INEX_LD-2012317",
            "INEX_LD-2012323",
            "INEX_LD-2010019",
            "INEX_LD-2012369",
            "INEX_LD-2012313",
            "INEX_LD-2012383"
        ],
        "training": [
            "INEX_LD-2012307",
            "INEX_LD-20120312",
            "INEX_LD-2010014",
            "INEX_LD-20120131",
            "INEX_LD-2012321",
            "INEX_LD-2012375",
            "INEX_LD-2012339",
            "INEX_LD-2012354",
            "INEX_LD-2012367",
            "INEX_LD-2012305",
            "INEX_LD-2010100",
            "INEX_LD-2009022",
            "INEX_LD-20120122",
            "INEX_LD-20120232",
            "INEX_LD-2012335",
            "INEX_LD-2010020",
            "INEX_LD-20120422",
            "INEX_LD-2012331",
            "INEX_LD-2012365",
            "INEX_LD-2012377",
            "INEX_LD-20120522",
            "INEX_LD-20120121",
            "INEX_LD-2012359",
            "INEX_LD-2012349",
            "INEX_LD-2012357",
            "INEX_LD-2012355",
            "INEX_LD-2012329",
            "INEX_LD-2012390",
            "INEX_LD-20120231",
            "INEX_LD-20120311",
            "INEX_LD-2012372",
            "INEX_LD-2009061",
            "INEX_LD-20120512",
            "INEX_LD-2009074",
            "INEX_LD-20120221",
            "INEX_LD-2009039",
            "INEX_LD-20120332",
            "INEX_LD-20120111",
            "INEX_LD-2012347",
            "INEX_LD-2012381",
            "INEX_LD-2010004",
            "INEX_LD-2009096",
            "INEX_LD-2012345",
            "INEX_LD-2010037",
            "INEX_LD-20120212",
            "INEX_LD-20120531",
            "INEX_LD-20120432",
            "INEX_LD-2009063",
            "INEX_LD-2009111",
            "INEX_LD-20120511",
            "INEX_LD-20120532",
            "INEX_LD-2012389",
            "INEX_LD-2012311",
            "INEX_LD-2012373",
            "INEX_LD-2012387",
            "INEX_LD-2010043",
            "INEX_LD-2012333",
            "INEX_LD-20120411",
            "INEX_LD-20120211",
            "INEX_LD-2010057",
            "INEX_LD-2012319",
            "INEX_LD-2012309",
            "INEX_LD-20120521",
            "INEX_LD-2012361",
            "INEX_LD-2012351",
            "INEX_LD-2009062",
            "INEX_LD-20120421",
            "INEX_LD-2012337",
            "INEX_LD-20120412",
            "INEX_LD-20120112",
            "INEX_LD-2012325",
            "INEX_LD-2009115",
            "INEX_LD-2010069",
            "INEX_LD-2012301",
            "INEX_LD-20120431",
            "INEX_LD-2012363",
            "INEX_LD-20120222",
            "INEX_LD-2012341",
            "INEX_LD-2010106"
        ]
    }
}