{
    "0": {
        "testing": [
            "TREC_Entity-18",
            "SemSearch_LS-50",
            "INEX_XER-87",
            "SemSearch_LS-42",
            "SemSearch_LS-14",
            "SemSearch_LS-30",
            "INEX_XER-140",
            "TREC_Entity-17",
            "INEX_XER-136",
            "SemSearch_LS-22",
            "INEX_XER-139",
            "INEX_XER-118",
            "SemSearch_LS-9",
            "SemSearch_LS-34",
            "SemSearch_LS-11",
            "INEX_XER-60",
            "TREC_Entity-10",
            "TREC_Entity-7",
            "INEX_XER-126",
            "SemSearch_LS-8",
            "SemSearch_LS-26",
            "INEX_XER-79",
            "SemSearch_LS-21"
        ],
        "training": [
            "SemSearch_LS-29",
            "INEX_XER-124",
            "SemSearch_LS-31",
            "INEX_XER-96",
            "SemSearch_LS-38",
            "INEX_XER-110",
            "SemSearch_LS-39",
            "SemSearch_LS-19",
            "INEX_XER-119",
            "INEX_XER-121",
            "TREC_Entity-4",
            "SemSearch_LS-16",
            "SemSearch_LS-25",
            "SemSearch_LS-17",
            "INEX_XER-67",
            "SemSearch_LS-4",
            "SemSearch_LS-40",
            "INEX_XER-138",
            "INEX_XER-81",
            "INEX_XER-116",
            "INEX_XER-144",
            "INEX_XER-115",
            "TREC_Entity-14",
            "INEX_XER-123",
            "SemSearch_LS-5",
            "INEX_XER-88",
            "SemSearch_LS-13",
            "TREC_Entity-2",
            "INEX_XER-91",
            "SemSearch_LS-20",
            "TREC_Entity-16",
            "TREC_Entity-19",
            "TREC_Entity-1",
            "INEX_XER-94",
            "TREC_Entity-6",
            "SemSearch_LS-49",
            "INEX_XER-106",
            "INEX_XER-73",
            "SemSearch_LS-10",
            "INEX_XER-128",
            "INEX_XER-99",
            "INEX_XER-143",
            "INEX_XER-117",
            "SemSearch_LS-46",
            "INEX_XER-132",
            "SemSearch_LS-35",
            "TREC_Entity-5",
            "INEX_XER-108",
            "SemSearch_LS-37",
            "INEX_XER-97",
            "INEX_XER-122",
            "INEX_XER-130",
            "INEX_XER-63",
            "SemSearch_LS-1",
            "SemSearch_LS-41",
            "INEX_XER-113",
            "SemSearch_LS-32",
            "SemSearch_LS-2",
            "INEX_XER-64",
            "INEX_XER-95",
            "SemSearch_LS-6",
            "SemSearch_LS-33",
            "SemSearch_LS-12",
            "TREC_Entity-9",
            "INEX_XER-109",
            "INEX_XER-133",
            "SemSearch_LS-18",
            "TREC_Entity-15",
            "INEX_XER-100",
            "INEX_XER-135",
            "TREC_Entity-11",
            "INEX_XER-72",
            "INEX_XER-127",
            "TREC_Entity-12",
            "INEX_XER-134",
            "INEX_XER-65",
            "INEX_XER-141",
            "INEX_XER-98",
            "INEX_XER-86",
            "INEX_XER-147",
            "SemSearch_LS-7",
            "SemSearch_LS-36",
            "TREC_Entity-20",
            "SemSearch_LS-24",
            "INEX_XER-114",
            "SemSearch_LS-44",
            "INEX_XER-129",
            "SemSearch_LS-3",
            "INEX_XER-62",
            "INEX_XER-125",
            "INEX_XER-74",
			"SemSearch_LS-43"
        ]
    },
    "1": {
        "testing": [
            "SemSearch_LS-29",
            "SemSearch_LS-38",
            "INEX_XER-119",
            "SemSearch_LS-25",
            "SemSearch_LS-40",
            "INEX_XER-144",
            "SemSearch_LS-5",
            "INEX_XER-91",
            "TREC_Entity-1",
            "INEX_XER-106",
            "INEX_XER-99",
            "INEX_XER-132",
            "SemSearch_LS-37",
            "INEX_XER-63",
            "SemSearch_LS-32",
            "SemSearch_LS-6",
            "INEX_XER-109",
            "INEX_XER-100",
            "INEX_XER-127",
            "INEX_XER-141",
            "SemSearch_LS-7",
            "INEX_XER-114",
            "INEX_XER-62"
        ],
        "training": [
            "TREC_Entity-18",
            "INEX_XER-124",
            "SemSearch_LS-31",
            "INEX_XER-96",
            "SemSearch_LS-50",
            "INEX_XER-110",
            "SemSearch_LS-39",
            "SemSearch_LS-19",
            "INEX_XER-87",
            "INEX_XER-121",
            "TREC_Entity-4",
            "SemSearch_LS-16",
            "SemSearch_LS-42",
            "SemSearch_LS-17",
            "INEX_XER-67",
            "SemSearch_LS-4",
            "SemSearch_LS-14",
            "INEX_XER-138",
            "INEX_XER-81",
            "INEX_XER-116",
            "SemSearch_LS-30",
            "INEX_XER-115",
            "TREC_Entity-14",
            "INEX_XER-123",
            "INEX_XER-140",
            "INEX_XER-88",
            "SemSearch_LS-13",
            "TREC_Entity-2",
            "TREC_Entity-17",
            "SemSearch_LS-20",
            "TREC_Entity-16",
            "TREC_Entity-19",
            "INEX_XER-136",
            "INEX_XER-94",
            "TREC_Entity-6",
            "SemSearch_LS-49",
            "SemSearch_LS-22",
            "INEX_XER-73",
            "SemSearch_LS-10",
            "INEX_XER-128",
            "INEX_XER-139",
            "INEX_XER-143",
            "INEX_XER-117",
            "SemSearch_LS-46",
            "INEX_XER-118",
            "SemSearch_LS-35",
            "TREC_Entity-5",
            "INEX_XER-108",
            "SemSearch_LS-9",
            "INEX_XER-97",
            "INEX_XER-122",
            "INEX_XER-130",
            "SemSearch_LS-34",
            "SemSearch_LS-1",
            "SemSearch_LS-41",
            "INEX_XER-113",
            "SemSearch_LS-11",
            "SemSearch_LS-2",
            "INEX_XER-64",
            "INEX_XER-95",
            "INEX_XER-60",
            "SemSearch_LS-33",
            "SemSearch_LS-12",
            "TREC_Entity-9",
            "TREC_Entity-10",
            "INEX_XER-133",
            "SemSearch_LS-18",
            "TREC_Entity-15",
            "TREC_Entity-7",
            "INEX_XER-135",
            "TREC_Entity-11",
            "INEX_XER-72",
            "INEX_XER-126",
            "TREC_Entity-12",
            "INEX_XER-134",
            "INEX_XER-65",
            "SemSearch_LS-8",
            "INEX_XER-98",
            "INEX_XER-86",
            "INEX_XER-147",
            "SemSearch_LS-26",
            "SemSearch_LS-36",
            "TREC_Entity-20",
            "SemSearch_LS-24",
            "INEX_XER-79",
            "SemSearch_LS-44",
            "INEX_XER-129",
            "SemSearch_LS-3",
            "SemSearch_LS-21",
            "INEX_XER-125",
            "INEX_XER-74",
			"SemSearch_LS-43"
        ]
    },
    "2": {
        "testing": [
            "INEX_XER-124",
            "INEX_XER-110",
            "INEX_XER-121",
            "SemSearch_LS-17",
            "INEX_XER-138",
            "INEX_XER-115",
            "INEX_XER-88",
            "SemSearch_LS-20",
            "INEX_XER-94",
            "INEX_XER-73",
            "INEX_XER-143",
            "SemSearch_LS-35",
            "INEX_XER-97",
            "SemSearch_LS-1",
            "SemSearch_LS-2",
            "SemSearch_LS-33",
            "INEX_XER-133",
            "INEX_XER-135",
            "TREC_Entity-12",
            "INEX_XER-98",
            "SemSearch_LS-36",
            "SemSearch_LS-44",
            "INEX_XER-125"
        ],
        "training": [
            "TREC_Entity-18",
            "SemSearch_LS-29",
            "SemSearch_LS-31",
            "INEX_XER-96",
            "SemSearch_LS-50",
            "SemSearch_LS-38",
            "SemSearch_LS-39",
            "SemSearch_LS-19",
            "INEX_XER-87",
            "INEX_XER-119",
            "TREC_Entity-4",
            "SemSearch_LS-16",
            "SemSearch_LS-42",
            "SemSearch_LS-25",
            "INEX_XER-67",
            "SemSearch_LS-4",
            "SemSearch_LS-14",
            "SemSearch_LS-40",
            "INEX_XER-81",
            "INEX_XER-116",
            "SemSearch_LS-30",
            "INEX_XER-144",
            "TREC_Entity-14",
            "INEX_XER-123",
            "INEX_XER-140",
            "SemSearch_LS-5",
            "SemSearch_LS-13",
            "TREC_Entity-2",
            "TREC_Entity-17",
            "INEX_XER-91",
            "TREC_Entity-16",
            "TREC_Entity-19",
            "INEX_XER-136",
            "TREC_Entity-1",
            "TREC_Entity-6",
            "SemSearch_LS-49",
            "SemSearch_LS-22",
            "INEX_XER-106",
            "SemSearch_LS-10",
            "INEX_XER-128",
            "INEX_XER-139",
            "INEX_XER-99",
            "INEX_XER-117",
            "SemSearch_LS-46",
            "INEX_XER-118",
            "INEX_XER-132",
            "TREC_Entity-5",
            "INEX_XER-108",
            "SemSearch_LS-9",
            "SemSearch_LS-37",
            "INEX_XER-122",
            "INEX_XER-130",
            "SemSearch_LS-34",
            "INEX_XER-63",
            "SemSearch_LS-41",
            "INEX_XER-113",
            "SemSearch_LS-11",
            "SemSearch_LS-32",
            "INEX_XER-64",
            "INEX_XER-95",
            "INEX_XER-60",
            "SemSearch_LS-6",
            "SemSearch_LS-12",
            "TREC_Entity-9",
            "TREC_Entity-10",
            "INEX_XER-109",
            "SemSearch_LS-18",
            "TREC_Entity-15",
            "TREC_Entity-7",
            "INEX_XER-100",
            "TREC_Entity-11",
            "INEX_XER-72",
            "INEX_XER-126",
            "INEX_XER-127",
            "INEX_XER-134",
            "INEX_XER-65",
            "SemSearch_LS-8",
            "INEX_XER-141",
            "INEX_XER-86",
            "INEX_XER-147",
            "SemSearch_LS-26",
            "SemSearch_LS-7",
            "TREC_Entity-20",
            "SemSearch_LS-24",
            "INEX_XER-79",
            "INEX_XER-114",
            "INEX_XER-129",
            "SemSearch_LS-3",
            "SemSearch_LS-21",
            "INEX_XER-62",
            "INEX_XER-74",
			"SemSearch_LS-43"
        ]
    },
    "3": {
        "testing": [
            "SemSearch_LS-31",
            "SemSearch_LS-39",
            "TREC_Entity-4",
            "INEX_XER-67",
            "INEX_XER-81",
            "TREC_Entity-14",
            "SemSearch_LS-13",
            "TREC_Entity-16",
            "TREC_Entity-6",
            "SemSearch_LS-10",
            "INEX_XER-117",
            "TREC_Entity-5",
            "INEX_XER-122",
            "SemSearch_LS-41",
            "INEX_XER-64",
            "SemSearch_LS-12",
            "SemSearch_LS-18",
            "TREC_Entity-11",
            "INEX_XER-134",
            "INEX_XER-86",
            "TREC_Entity-20",
            "INEX_XER-129",
            "INEX_XER-74"
        ],
        "training": [
            "TREC_Entity-18",
            "SemSearch_LS-29",
            "INEX_XER-124",
            "INEX_XER-96",
            "SemSearch_LS-50",
            "SemSearch_LS-38",
            "INEX_XER-110",
            "SemSearch_LS-19",
            "INEX_XER-87",
            "INEX_XER-119",
            "INEX_XER-121",
            "SemSearch_LS-16",
            "SemSearch_LS-42",
            "SemSearch_LS-25",
            "SemSearch_LS-17",
            "SemSearch_LS-4",
            "SemSearch_LS-14",
            "SemSearch_LS-40",
            "INEX_XER-138",
            "INEX_XER-116",
            "SemSearch_LS-30",
            "INEX_XER-144",
            "INEX_XER-115",
            "INEX_XER-123",
            "INEX_XER-140",
            "SemSearch_LS-5",
            "INEX_XER-88",
            "TREC_Entity-2",
            "TREC_Entity-17",
            "INEX_XER-91",
            "SemSearch_LS-20",
            "TREC_Entity-19",
            "INEX_XER-136",
            "TREC_Entity-1",
            "INEX_XER-94",
            "SemSearch_LS-49",
            "SemSearch_LS-22",
            "INEX_XER-106",
            "INEX_XER-73",
            "INEX_XER-128",
            "INEX_XER-139",
            "INEX_XER-99",
            "INEX_XER-143",
            "SemSearch_LS-46",
            "INEX_XER-118",
            "INEX_XER-132",
            "SemSearch_LS-35",
            "INEX_XER-108",
            "SemSearch_LS-9",
            "SemSearch_LS-37",
            "INEX_XER-97",
            "INEX_XER-130",
            "SemSearch_LS-34",
            "INEX_XER-63",
            "SemSearch_LS-1",
            "INEX_XER-113",
            "SemSearch_LS-11",
            "SemSearch_LS-32",
            "SemSearch_LS-2",
            "INEX_XER-95",
            "INEX_XER-60",
            "SemSearch_LS-6",
            "SemSearch_LS-33",
            "TREC_Entity-9",
            "TREC_Entity-10",
            "INEX_XER-109",
            "INEX_XER-133",
            "TREC_Entity-15",
            "TREC_Entity-7",
            "INEX_XER-100",
            "INEX_XER-135",
            "INEX_XER-72",
            "INEX_XER-126",
            "INEX_XER-127",
            "TREC_Entity-12",
            "INEX_XER-65",
            "SemSearch_LS-8",
            "INEX_XER-141",
            "INEX_XER-98",
            "INEX_XER-147",
            "SemSearch_LS-26",
            "SemSearch_LS-7",
            "SemSearch_LS-36",
            "SemSearch_LS-24",
            "INEX_XER-79",
            "INEX_XER-114",
            "SemSearch_LS-44",
            "SemSearch_LS-3",
            "SemSearch_LS-21",
            "INEX_XER-62",
            "INEX_XER-125",
			"SemSearch_LS-43"
        ]
    },
    "4": {
        "testing": [
            "INEX_XER-96",
            "SemSearch_LS-19",
            "SemSearch_LS-16",
            "SemSearch_LS-4",
            "INEX_XER-116",
            "INEX_XER-123",
            "TREC_Entity-2",
            "TREC_Entity-19",
            "SemSearch_LS-49",
            "INEX_XER-128",
            "SemSearch_LS-46",
            "INEX_XER-108",
            "INEX_XER-130",
            "INEX_XER-113",
            "INEX_XER-95",
            "TREC_Entity-9",
            "TREC_Entity-15",
            "INEX_XER-72",
            "INEX_XER-65",
            "INEX_XER-147",
            "SemSearch_LS-24",
            "SemSearch_LS-3",
			"SemSearch_LS-43"
        ],
        "training": [
            "TREC_Entity-18",
            "SemSearch_LS-29",
            "INEX_XER-124",
            "SemSearch_LS-31",
            "SemSearch_LS-50",
            "SemSearch_LS-38",
            "INEX_XER-110",
            "SemSearch_LS-39",
            "INEX_XER-87",
            "INEX_XER-119",
            "INEX_XER-121",
            "TREC_Entity-4",
            "SemSearch_LS-42",
            "SemSearch_LS-25",
            "SemSearch_LS-17",
            "INEX_XER-67",
            "SemSearch_LS-14",
            "SemSearch_LS-40",
            "INEX_XER-138",
            "INEX_XER-81",
            "SemSearch_LS-30",
            "INEX_XER-144",
            "INEX_XER-115",
            "TREC_Entity-14",
            "INEX_XER-140",
            "SemSearch_LS-5",
            "INEX_XER-88",
            "SemSearch_LS-13",
            "TREC_Entity-17",
            "INEX_XER-91",
            "SemSearch_LS-20",
            "TREC_Entity-16",
            "INEX_XER-136",
            "TREC_Entity-1",
            "INEX_XER-94",
            "TREC_Entity-6",
            "SemSearch_LS-22",
            "INEX_XER-106",
            "INEX_XER-73",
            "SemSearch_LS-10",
            "INEX_XER-139",
            "INEX_XER-99",
            "INEX_XER-143",
            "INEX_XER-117",
            "INEX_XER-118",
            "INEX_XER-132",
            "SemSearch_LS-35",
            "TREC_Entity-5",
            "SemSearch_LS-9",
            "SemSearch_LS-37",
            "INEX_XER-97",
            "INEX_XER-122",
            "SemSearch_LS-34",
            "INEX_XER-63",
            "SemSearch_LS-1",
            "SemSearch_LS-41",
            "SemSearch_LS-11",
            "SemSearch_LS-32",
            "SemSearch_LS-2",
            "INEX_XER-64",
            "INEX_XER-60",
            "SemSearch_LS-6",
            "SemSearch_LS-33",
            "SemSearch_LS-12",
            "TREC_Entity-10",
            "INEX_XER-109",
            "INEX_XER-133",
            "SemSearch_LS-18",
            "TREC_Entity-7",
            "INEX_XER-100",
            "INEX_XER-135",
            "TREC_Entity-11",
            "INEX_XER-126",
            "INEX_XER-127",
            "TREC_Entity-12",
            "INEX_XER-134",
            "SemSearch_LS-8",
            "INEX_XER-141",
            "INEX_XER-98",
            "INEX_XER-86",
            "SemSearch_LS-26",
            "SemSearch_LS-7",
            "SemSearch_LS-36",
            "TREC_Entity-20",
            "INEX_XER-79",
            "INEX_XER-114",
            "SemSearch_LS-44",
            "INEX_XER-129",
            "SemSearch_LS-21",
            "INEX_XER-62",
            "INEX_XER-125",
            "INEX_XER-74"
        ]
    }
}