{
    "0": {
        "testing": [
            "QALD2_te-87",
            "QALD2_te-88",
            "QALD2_tr-4",
            "QALD2_te-59",
            "QALD2_tr-53",
            "QALD2_te-64",
            "QALD2_tr-28",
            "QALD2_tr-64",
            "QALD2_te-11",
            "QALD2_te-24",
            "QALD2_tr-29",
            "QALD2_te-91",
            "QALD2_te-1",
            "QALD2_tr-58",
            "QALD2_te-22",
            "QALD2_te-90",
            "QALD2_tr-21",
            "QALD2_te-12",
            "QALD2_te-63",
            "QALD2_tr-18",
            "QALD2_te-82",
            "QALD2_te-34",
            "QALD2_te-98",
            "QALD2_te-72",
            "QALD2_te-25",
            "QALD2_tr-77",
            "QALD2_tr-45",
            "QALD2_tr-42"
        ],
        "training": [
            "QALD2_te-8",
            "QALD2_te-86",
            "QALD2_te-89",
            "QALD2_tr-40",
            "QALD2_tr-72",
            "QALD2_tr-79",
            "QALD2_te-42",
            "QALD2_tr-30",
            "QALD2_te-15",
            "QALD2_te-5",
            "QALD2_te-44",
            "QALD2_tr-11",
            "QALD2_tr-59",
            "QALD2_tr-68",
            "QALD2_te-55",
            "QALD2_te-80",
            "QALD2_te-51",
            "QALD2_tr-31",
            "QALD2_tr-17",
            "QALD2_tr-71",
            "QALD2_tr-49",
            "QALD2_tr-75",
            "QALD2_te-75",
            "QALD2_tr-35",
            "QALD2_tr-50",
            "QALD2_tr-32",
            "QALD2_te-29",
            "QALD2_te-92",
            "QALD2_tr-92",
            "QALD2_tr-80",
            "QALD2_tr-41",
            "QALD2_tr-44",
            "QALD2_te-46",
            "QALD2_te-43",
            "QALD2_tr-10",
            "QALD2_te-49",
            "QALD2_tr-65",
            "QALD2_tr-24",
            "QALD2_tr-84",
            "QALD2_tr-23",
            "QALD2_tr-43",
            "QALD2_te-76",
            "QALD2_te-19",
            "QALD2_tr-85",
            "QALD2_tr-86",
            "QALD2_tr-22",
            "QALD2_te-95",
            "QALD2_te-65",
            "QALD2_te-81",
            "QALD2_tr-38",
            "QALD2_tr-25",
            "QALD2_te-45",
            "QALD2_te-48",
            "QALD2_te-53",
            "QALD2_te-6",
            "QALD2_tr-81",
            "QALD2_tr-6",
            "QALD2_te-58",
            "QALD2_tr-91",
            "QALD2_tr-15",
            "QALD2_te-28",
            "QALD2_te-67",
            "QALD2_te-99",
            "QALD2_tr-9",
            "QALD2_te-93",
            "QALD2_te-2",
            "QALD2_tr-70",
            "QALD2_tr-8",
            "QALD2_te-27",
            "QALD2_te-9",
            "QALD2_tr-36",
            "QALD2_te-57",
            "QALD2_tr-16",
            "QALD2_tr-87",
            "QALD2_te-100",
            "QALD2_tr-13",
            "QALD2_tr-82",
            "QALD2_tr-26",
            "QALD2_tr-73",
            "QALD2_te-60",
            "QALD2_te-84",
            "QALD2_te-35",
            "QALD2_tr-3",
            "QALD2_tr-51",
            "QALD2_te-40",
            "QALD2_te-77",
            "QALD2_te-39",
            "QALD2_te-21",
            "QALD2_tr-83",
            "QALD2_tr-74",
            "QALD2_te-97",
            "QALD2_te-31",
            "QALD2_te-13",
            "QALD2_te-33",
            "QALD2_te-17",
            "QALD2_tr-61",
            "QALD2_tr-57",
            "QALD2_tr-55",
            "QALD2_tr-69",
            "QALD2_tr-89",
            "QALD2_tr-52",
            "QALD2_tr-54",
            "QALD2_tr-47",
            "QALD2_te-41",
            "QALD2_te-3",
            "QALD2_tr-63",
            "QALD2_tr-34",
            "QALD2_tr-78",
            "QALD2_tr-62",
            "QALD2_te-66",
            "QALD2_te-14",
            "QALD2_tr-1"
        ]
    },
    "1": {
        "testing": [
            "QALD2_te-8",
            "QALD2_tr-72",
            "QALD2_te-15",
            "QALD2_tr-59",
            "QALD2_te-51",
            "QALD2_tr-49",
            "QALD2_tr-50",
            "QALD2_tr-92",
            "QALD2_te-46",
            "QALD2_tr-65",
            "QALD2_tr-43",
            "QALD2_tr-86",
            "QALD2_te-81",
            "QALD2_te-48",
            "QALD2_tr-6",
            "QALD2_te-28",
            "QALD2_te-93",
            "QALD2_te-27",
            "QALD2_tr-16",
            "QALD2_tr-82",
            "QALD2_te-84",
            "QALD2_te-40",
            "QALD2_tr-83",
            "QALD2_te-13",
            "QALD2_tr-57",
            "QALD2_tr-52",
            "QALD2_te-3",
            "QALD2_tr-62"
        ],
        "training": [
            "QALD2_te-87",
            "QALD2_te-86",
            "QALD2_te-89",
            "QALD2_tr-40",
            "QALD2_te-88",
            "QALD2_tr-79",
            "QALD2_te-42",
            "QALD2_tr-30",
            "QALD2_tr-4",
            "QALD2_te-5",
            "QALD2_te-44",
            "QALD2_tr-11",
            "QALD2_te-59",
            "QALD2_tr-68",
            "QALD2_te-55",
            "QALD2_te-80",
            "QALD2_tr-53",
            "QALD2_tr-31",
            "QALD2_tr-17",
            "QALD2_tr-71",
            "QALD2_te-64",
            "QALD2_tr-75",
            "QALD2_te-75",
            "QALD2_tr-35",
            "QALD2_tr-28",
            "QALD2_tr-32",
            "QALD2_te-29",
            "QALD2_te-92",
            "QALD2_tr-64",
            "QALD2_tr-80",
            "QALD2_tr-41",
            "QALD2_tr-44",
            "QALD2_te-11",
            "QALD2_te-43",
            "QALD2_tr-10",
            "QALD2_te-49",
            "QALD2_te-24",
            "QALD2_tr-24",
            "QALD2_tr-84",
            "QALD2_tr-23",
            "QALD2_tr-29",
            "QALD2_te-76",
            "QALD2_te-19",
            "QALD2_tr-85",
            "QALD2_te-91",
            "QALD2_tr-22",
            "QALD2_te-95",
            "QALD2_te-65",
            "QALD2_te-1",
            "QALD2_tr-38",
            "QALD2_tr-25",
            "QALD2_te-45",
            "QALD2_tr-58",
            "QALD2_te-53",
            "QALD2_te-6",
            "QALD2_tr-81",
            "QALD2_te-22",
            "QALD2_te-58",
            "QALD2_tr-91",
            "QALD2_tr-15",
            "QALD2_te-90",
            "QALD2_te-67",
            "QALD2_te-99",
            "QALD2_tr-9",
            "QALD2_tr-21",
            "QALD2_te-2",
            "QALD2_tr-70",
            "QALD2_tr-8",
            "QALD2_te-12",
            "QALD2_te-9",
            "QALD2_tr-36",
            "QALD2_te-57",
            "QALD2_te-63",
            "QALD2_tr-87",
            "QALD2_te-100",
            "QALD2_tr-13",
            "QALD2_tr-18",
            "QALD2_tr-26",
            "QALD2_tr-73",
            "QALD2_te-60",
            "QALD2_te-82",
            "QALD2_te-35",
            "QALD2_tr-3",
            "QALD2_tr-51",
            "QALD2_te-34",
            "QALD2_te-77",
            "QALD2_te-39",
            "QALD2_te-21",
            "QALD2_te-98",
            "QALD2_tr-74",
            "QALD2_te-97",
            "QALD2_te-31",
            "QALD2_te-72",
            "QALD2_te-33",
            "QALD2_te-17",
            "QALD2_tr-61",
            "QALD2_te-25",
            "QALD2_tr-55",
            "QALD2_tr-69",
            "QALD2_tr-89",
            "QALD2_tr-77",
            "QALD2_tr-54",
            "QALD2_tr-47",
            "QALD2_te-41",
            "QALD2_tr-45",
            "QALD2_tr-63",
            "QALD2_tr-34",
            "QALD2_tr-78",
            "QALD2_tr-42",
            "QALD2_te-66",
            "QALD2_te-14",
            "QALD2_tr-1"
        ]
    },
    "2": {
        "testing": [
            "QALD2_te-86",
            "QALD2_tr-79",
            "QALD2_te-5",
            "QALD2_tr-68",
            "QALD2_tr-31",
            "QALD2_tr-75",
            "QALD2_tr-32",
            "QALD2_tr-80",
            "QALD2_te-43",
            "QALD2_tr-24",
            "QALD2_te-76",
            "QALD2_tr-22",
            "QALD2_tr-38",
            "QALD2_te-53",
            "QALD2_te-58",
            "QALD2_te-67",
            "QALD2_te-2",
            "QALD2_te-9",
            "QALD2_tr-87",
            "QALD2_tr-26",
            "QALD2_te-35",
            "QALD2_te-77",
            "QALD2_tr-74",
            "QALD2_te-33",
            "QALD2_tr-55",
            "QALD2_tr-54",
            "QALD2_tr-63",
            "QALD2_te-66"
        ],
        "training": [
            "QALD2_te-87",
            "QALD2_te-8",
            "QALD2_te-89",
            "QALD2_tr-40",
            "QALD2_te-88",
            "QALD2_tr-72",
            "QALD2_te-42",
            "QALD2_tr-30",
            "QALD2_tr-4",
            "QALD2_te-15",
            "QALD2_te-44",
            "QALD2_tr-11",
            "QALD2_te-59",
            "QALD2_tr-59",
            "QALD2_te-55",
            "QALD2_te-80",
            "QALD2_tr-53",
            "QALD2_te-51",
            "QALD2_tr-17",
            "QALD2_tr-71",
            "QALD2_te-64",
            "QALD2_tr-49",
            "QALD2_te-75",
            "QALD2_tr-35",
            "QALD2_tr-28",
            "QALD2_tr-50",
            "QALD2_te-29",
            "QALD2_te-92",
            "QALD2_tr-64",
            "QALD2_tr-92",
            "QALD2_tr-41",
            "QALD2_tr-44",
            "QALD2_te-11",
            "QALD2_te-46",
            "QALD2_tr-10",
            "QALD2_te-49",
            "QALD2_te-24",
            "QALD2_tr-65",
            "QALD2_tr-84",
            "QALD2_tr-23",
            "QALD2_tr-29",
            "QALD2_tr-43",
            "QALD2_te-19",
            "QALD2_tr-85",
            "QALD2_te-91",
            "QALD2_tr-86",
            "QALD2_te-95",
            "QALD2_te-65",
            "QALD2_te-1",
            "QALD2_te-81",
            "QALD2_tr-25",
            "QALD2_te-45",
            "QALD2_tr-58",
            "QALD2_te-48",
            "QALD2_te-6",
            "QALD2_tr-81",
            "QALD2_te-22",
            "QALD2_tr-6",
            "QALD2_tr-91",
            "QALD2_tr-15",
            "QALD2_te-90",
            "QALD2_te-28",
            "QALD2_te-99",
            "QALD2_tr-9",
            "QALD2_tr-21",
            "QALD2_te-93",
            "QALD2_tr-70",
            "QALD2_tr-8",
            "QALD2_te-12",
            "QALD2_te-27",
            "QALD2_tr-36",
            "QALD2_te-57",
            "QALD2_te-63",
            "QALD2_tr-16",
            "QALD2_te-100",
            "QALD2_tr-13",
            "QALD2_tr-18",
            "QALD2_tr-82",
            "QALD2_tr-73",
            "QALD2_te-60",
            "QALD2_te-82",
            "QALD2_te-84",
            "QALD2_tr-3",
            "QALD2_tr-51",
            "QALD2_te-34",
            "QALD2_te-40",
            "QALD2_te-39",
            "QALD2_te-21",
            "QALD2_te-98",
            "QALD2_tr-83",
            "QALD2_te-97",
            "QALD2_te-31",
            "QALD2_te-72",
            "QALD2_te-13",
            "QALD2_te-17",
            "QALD2_tr-61",
            "QALD2_te-25",
            "QALD2_tr-57",
            "QALD2_tr-69",
            "QALD2_tr-89",
            "QALD2_tr-77",
            "QALD2_tr-52",
            "QALD2_tr-47",
            "QALD2_te-41",
            "QALD2_tr-45",
            "QALD2_te-3",
            "QALD2_tr-34",
            "QALD2_tr-78",
            "QALD2_tr-42",
            "QALD2_tr-62",
            "QALD2_te-14",
            "QALD2_tr-1"
        ]
    },
    "3": {
        "testing": [
            "QALD2_te-89",
            "QALD2_te-42",
            "QALD2_te-44",
            "QALD2_te-55",
            "QALD2_tr-17",
            "QALD2_te-75",
            "QALD2_te-29",
            "QALD2_tr-41",
            "QALD2_tr-10",
            "QALD2_tr-84",
            "QALD2_te-19",
            "QALD2_te-95",
            "QALD2_tr-25",
            "QALD2_te-6",
            "QALD2_tr-91",
            "QALD2_te-99",
            "QALD2_tr-70",
            "QALD2_tr-36",
            "QALD2_te-100",
            "QALD2_tr-73",
            "QALD2_tr-3",
            "QALD2_te-39",
            "QALD2_te-97",
            "QALD2_te-17",
            "QALD2_tr-69",
            "QALD2_tr-47",
            "QALD2_tr-34",
            "QALD2_te-14"
        ],
        "training": [
            "QALD2_te-87",
            "QALD2_te-8",
            "QALD2_te-86",
            "QALD2_tr-40",
            "QALD2_te-88",
            "QALD2_tr-72",
            "QALD2_tr-79",
            "QALD2_tr-30",
            "QALD2_tr-4",
            "QALD2_te-15",
            "QALD2_te-5",
            "QALD2_tr-11",
            "QALD2_te-59",
            "QALD2_tr-59",
            "QALD2_tr-68",
            "QALD2_te-80",
            "QALD2_tr-53",
            "QALD2_te-51",
            "QALD2_tr-31",
            "QALD2_tr-71",
            "QALD2_te-64",
            "QALD2_tr-49",
            "QALD2_tr-75",
            "QALD2_tr-35",
            "QALD2_tr-28",
            "QALD2_tr-50",
            "QALD2_tr-32",
            "QALD2_te-92",
            "QALD2_tr-64",
            "QALD2_tr-92",
            "QALD2_tr-80",
            "QALD2_tr-44",
            "QALD2_te-11",
            "QALD2_te-46",
            "QALD2_te-43",
            "QALD2_te-49",
            "QALD2_te-24",
            "QALD2_tr-65",
            "QALD2_tr-24",
            "QALD2_tr-23",
            "QALD2_tr-29",
            "QALD2_tr-43",
            "QALD2_te-76",
            "QALD2_tr-85",
            "QALD2_te-91",
            "QALD2_tr-86",
            "QALD2_tr-22",
            "QALD2_te-65",
            "QALD2_te-1",
            "QALD2_te-81",
            "QALD2_tr-38",
            "QALD2_te-45",
            "QALD2_tr-58",
            "QALD2_te-48",
            "QALD2_te-53",
            "QALD2_tr-81",
            "QALD2_te-22",
            "QALD2_tr-6",
            "QALD2_te-58",
            "QALD2_tr-15",
            "QALD2_te-90",
            "QALD2_te-28",
            "QALD2_te-67",
            "QALD2_tr-9",
            "QALD2_tr-21",
            "QALD2_te-93",
            "QALD2_te-2",
            "QALD2_tr-8",
            "QALD2_te-12",
            "QALD2_te-27",
            "QALD2_te-9",
            "QALD2_te-57",
            "QALD2_te-63",
            "QALD2_tr-16",
            "QALD2_tr-87",
            "QALD2_tr-13",
            "QALD2_tr-18",
            "QALD2_tr-82",
            "QALD2_tr-26",
            "QALD2_te-60",
            "QALD2_te-82",
            "QALD2_te-84",
            "QALD2_te-35",
            "QALD2_tr-51",
            "QALD2_te-34",
            "QALD2_te-40",
            "QALD2_te-77",
            "QALD2_te-21",
            "QALD2_te-98",
            "QALD2_tr-83",
            "QALD2_tr-74",
            "QALD2_te-31",
            "QALD2_te-72",
            "QALD2_te-13",
            "QALD2_te-33",
            "QALD2_tr-61",
            "QALD2_te-25",
            "QALD2_tr-57",
            "QALD2_tr-55",
            "QALD2_tr-89",
            "QALD2_tr-77",
            "QALD2_tr-52",
            "QALD2_tr-54",
            "QALD2_te-41",
            "QALD2_tr-45",
            "QALD2_te-3",
            "QALD2_tr-63",
            "QALD2_tr-78",
            "QALD2_tr-42",
            "QALD2_tr-62",
            "QALD2_te-66",
            "QALD2_tr-1"
        ]
    },
    "4": {
        "testing": [
            "QALD2_tr-40",
            "QALD2_tr-30",
            "QALD2_tr-11",
            "QALD2_te-80",
            "QALD2_tr-71",
            "QALD2_tr-35",
            "QALD2_te-92",
            "QALD2_tr-44",
            "QALD2_te-49",
            "QALD2_tr-23",
            "QALD2_tr-85",
            "QALD2_te-65",
            "QALD2_te-45",
            "QALD2_tr-81",
            "QALD2_tr-15",
            "QALD2_tr-9",
            "QALD2_tr-8",
            "QALD2_te-57",
            "QALD2_tr-13",
            "QALD2_te-60",
            "QALD2_tr-51",
            "QALD2_te-21",
            "QALD2_te-31",
            "QALD2_tr-61",
            "QALD2_tr-89",
            "QALD2_te-41",
            "QALD2_tr-78",
            "QALD2_tr-1"
        ],
        "training": [
            "QALD2_te-87",
            "QALD2_te-8",
            "QALD2_te-86",
            "QALD2_te-89",
            "QALD2_te-88",
            "QALD2_tr-72",
            "QALD2_tr-79",
            "QALD2_te-42",
            "QALD2_tr-4",
            "QALD2_te-15",
            "QALD2_te-5",
            "QALD2_te-44",
            "QALD2_te-59",
            "QALD2_tr-59",
            "QALD2_tr-68",
            "QALD2_te-55",
            "QALD2_tr-53",
            "QALD2_te-51",
            "QALD2_tr-31",
            "QALD2_tr-17",
            "QALD2_te-64",
            "QALD2_tr-49",
            "QALD2_tr-75",
            "QALD2_te-75",
            "QALD2_tr-28",
            "QALD2_tr-50",
            "QALD2_tr-32",
            "QALD2_te-29",
            "QALD2_tr-64",
            "QALD2_tr-92",
            "QALD2_tr-80",
            "QALD2_tr-41",
            "QALD2_te-11",
            "QALD2_te-46",
            "QALD2_te-43",
            "QALD2_tr-10",
            "QALD2_te-24",
            "QALD2_tr-65",
            "QALD2_tr-24",
            "QALD2_tr-84",
            "QALD2_tr-29",
            "QALD2_tr-43",
            "QALD2_te-76",
            "QALD2_te-19",
            "QALD2_te-91",
            "QALD2_tr-86",
            "QALD2_tr-22",
            "QALD2_te-95",
            "QALD2_te-1",
            "QALD2_te-81",
            "QALD2_tr-38",
            "QALD2_tr-25",
            "QALD2_tr-58",
            "QALD2_te-48",
            "QALD2_te-53",
            "QALD2_te-6",
            "QALD2_te-22",
            "QALD2_tr-6",
            "QALD2_te-58",
            "QALD2_tr-91",
            "QALD2_te-90",
            "QALD2_te-28",
            "QALD2_te-67",
            "QALD2_te-99",
            "QALD2_tr-21",
            "QALD2_te-93",
            "QALD2_te-2",
            "QALD2_tr-70",
            "QALD2_te-12",
            "QALD2_te-27",
            "QALD2_te-9",
            "QALD2_tr-36",
            "QALD2_te-63",
            "QALD2_tr-16",
            "QALD2_tr-87",
            "QALD2_te-100",
            "QALD2_tr-18",
            "QALD2_tr-82",
            "QALD2_tr-26",
            "QALD2_tr-73",
            "QALD2_te-82",
            "QALD2_te-84",
            "QALD2_te-35",
            "QALD2_tr-3",
            "QALD2_te-34",
            "QALD2_te-40",
            "QALD2_te-77",
            "QALD2_te-39",
            "QALD2_te-98",
            "QALD2_tr-83",
            "QALD2_tr-74",
            "QALD2_te-97",
            "QALD2_te-72",
            "QALD2_te-13",
            "QALD2_te-33",
            "QALD2_te-17",
            "QALD2_te-25",
            "QALD2_tr-57",
            "QALD2_tr-55",
            "QALD2_tr-69",
            "QALD2_tr-77",
            "QALD2_tr-52",
            "QALD2_tr-54",
            "QALD2_tr-47",
            "QALD2_tr-45",
            "QALD2_te-3",
            "QALD2_tr-63",
            "QALD2_tr-34",
            "QALD2_tr-42",
            "QALD2_tr-62",
            "QALD2_te-66",
            "QALD2_te-14"
        ]
    }
}