{
    "0": {
        "testing": [
            "SemSearch_ES-135",
            "SemSearch_ES-14",
            "SemSearch_ES-89",
            "SemSearch_ES-42",
            "SemSearch_ES-22",
            "SemSearch_ES-139",
            "SemSearch_ES-75",
            "SemSearch_ES-123",
            "SemSearch_ES-107",
            "SemSearch_ES-114",
            "SemSearch_ES-41",
            "SemSearch_ES-45",
            "SemSearch_ES-49",
            "SemSearch_ES-78",
            "SemSearch_ES-85",
            "SemSearch_ES-74",
            "SemSearch_ES-77",
            "SemSearch_ES-84",
            "SemSearch_ES-56",
            "SemSearch_ES-67",
            "SemSearch_ES-129",
            "SemSearch_ES-91"
        ],
        "training": [
            "SemSearch_ES-79",
            "SemSearch_ES-108",
            "SemSearch_ES-128",
            "SemSearch_ES-36",
            "SemSearch_ES-52",
            "SemSearch_ES-98",
            "SemSearch_ES-21",
            "SemSearch_ES-118",
            "SemSearch_ES-32",
            "SemSearch_ES-76",
            "SemSearch_ES-132",
            "SemSearch_ES-90",
            "SemSearch_ES-23",
            "SemSearch_ES-95",
            "SemSearch_ES-88",
            "SemSearch_ES-10",
            "SemSearch_ES-12",
            "SemSearch_ES-86",
            "SemSearch_ES-30",
            "SemSearch_ES-111",
            "SemSearch_ES-4",
            "SemSearch_ES-11",
            "SemSearch_ES-24",
            "SemSearch_ES-63",
            "SemSearch_ES-1",
            "SemSearch_ES-94",
            "SemSearch_ES-115",
            "SemSearch_ES-100",
            "SemSearch_ES-9",
            "SemSearch_ES-15",
            "SemSearch_ES-71",
            "SemSearch_ES-97",
            "SemSearch_ES-80",
            "SemSearch_ES-6",
            "SemSearch_ES-47",
            "SemSearch_ES-106",
            "SemSearch_ES-37",
            "SemSearch_ES-81",
            "SemSearch_ES-125",
            "SemSearch_ES-73",
            "SemSearch_ES-57",
            "SemSearch_ES-34",
            "SemSearch_ES-53",
            "SemSearch_ES-16",
            "SemSearch_ES-127",
            "SemSearch_ES-31",
            "SemSearch_ES-60",
            "SemSearch_ES-66",
            "SemSearch_ES-26",
            "SemSearch_ES-33",
            "SemSearch_ES-3",
            "SemSearch_ES-68",
            "SemSearch_ES-5",
            "SemSearch_ES-50",
            "SemSearch_ES-120",
            "SemSearch_ES-72",
            "SemSearch_ES-38",
            "SemSearch_ES-101",
            "SemSearch_ES-13",
            "SemSearch_ES-28",
            "SemSearch_ES-130",
            "SemSearch_ES-102",
            "SemSearch_ES-109",
            "SemSearch_ES-7",
            "SemSearch_ES-124",
            "SemSearch_ES-141",
            "SemSearch_ES-58",
            "SemSearch_ES-65",
            "SemSearch_ES-39",
            "SemSearch_ES-99",
            "SemSearch_ES-119",
            "SemSearch_ES-20",
            "SemSearch_ES-82",
            "SemSearch_ES-19",
            "SemSearch_ES-25",
            "SemSearch_ES-93",
            "SemSearch_ES-70",
            "SemSearch_ES-96",
            "SemSearch_ES-83",
            "SemSearch_ES-29",
            "SemSearch_ES-61",
            "SemSearch_ES-131",
            "SemSearch_ES-136",
            "SemSearch_ES-137",
            "SemSearch_ES-54",
            "SemSearch_ES-17",
            "SemSearch_ES-2",
            "SemSearch_ES-18",
            "SemSearch_ES-40",
            "SemSearch_ES-104",
            "SemSearch_ES-59"
        ]
    },
    "1": {
        "testing": [
            "SemSearch_ES-79",
            "SemSearch_ES-52",
            "SemSearch_ES-32",
            "SemSearch_ES-23",
            "SemSearch_ES-12",
            "SemSearch_ES-4",
            "SemSearch_ES-1",
            "SemSearch_ES-9",
            "SemSearch_ES-80",
            "SemSearch_ES-37",
            "SemSearch_ES-16",
            "SemSearch_ES-66",
            "SemSearch_ES-68",
            "SemSearch_ES-72",
            "SemSearch_ES-28",
            "SemSearch_ES-7",
            "SemSearch_ES-65",
            "SemSearch_ES-20",
            "SemSearch_ES-93",
            "SemSearch_ES-29",
            "SemSearch_ES-137",
            "SemSearch_ES-18"
        ],
        "training": [
            "SemSearch_ES-135",
            "SemSearch_ES-108",
            "SemSearch_ES-128",
            "SemSearch_ES-36",
            "SemSearch_ES-14",
            "SemSearch_ES-98",
            "SemSearch_ES-21",
            "SemSearch_ES-118",
            "SemSearch_ES-76",
            "SemSearch_ES-132",
            "SemSearch_ES-90",
            "SemSearch_ES-89",
            "SemSearch_ES-95",
            "SemSearch_ES-88",
            "SemSearch_ES-10",
            "SemSearch_ES-42",
            "SemSearch_ES-86",
            "SemSearch_ES-30",
            "SemSearch_ES-111",
            "SemSearch_ES-22",
            "SemSearch_ES-11",
            "SemSearch_ES-24",
            "SemSearch_ES-63",
            "SemSearch_ES-139",
            "SemSearch_ES-94",
            "SemSearch_ES-115",
            "SemSearch_ES-100",
            "SemSearch_ES-75",
            "SemSearch_ES-15",
            "SemSearch_ES-71",
            "SemSearch_ES-97",
            "SemSearch_ES-123",
            "SemSearch_ES-6",
            "SemSearch_ES-47",
            "SemSearch_ES-106",
            "SemSearch_ES-107",
            "SemSearch_ES-81",
            "SemSearch_ES-125",
            "SemSearch_ES-73",
            "SemSearch_ES-114",
            "SemSearch_ES-57",
            "SemSearch_ES-34",
            "SemSearch_ES-53",
            "SemSearch_ES-41",
            "SemSearch_ES-127",
            "SemSearch_ES-31",
            "SemSearch_ES-60",
            "SemSearch_ES-45",
            "SemSearch_ES-26",
            "SemSearch_ES-33",
            "SemSearch_ES-3",
            "SemSearch_ES-49",
            "SemSearch_ES-5",
            "SemSearch_ES-50",
            "SemSearch_ES-120",
            "SemSearch_ES-78",
            "SemSearch_ES-38",
            "SemSearch_ES-101",
            "SemSearch_ES-13",
            "SemSearch_ES-85",
            "SemSearch_ES-130",
            "SemSearch_ES-102",
            "SemSearch_ES-109",
            "SemSearch_ES-74",
            "SemSearch_ES-124",
            "SemSearch_ES-141",
            "SemSearch_ES-58",
            "SemSearch_ES-77",
            "SemSearch_ES-39",
            "SemSearch_ES-99",
            "SemSearch_ES-119",
            "SemSearch_ES-84",
            "SemSearch_ES-82",
            "SemSearch_ES-19",
            "SemSearch_ES-25",
            "SemSearch_ES-56",
            "SemSearch_ES-70",
            "SemSearch_ES-96",
            "SemSearch_ES-83",
            "SemSearch_ES-67",
            "SemSearch_ES-61",
            "SemSearch_ES-131",
            "SemSearch_ES-136",
            "SemSearch_ES-129",
            "SemSearch_ES-54",
            "SemSearch_ES-17",
            "SemSearch_ES-2",
            "SemSearch_ES-91",
            "SemSearch_ES-40",
            "SemSearch_ES-104",
            "SemSearch_ES-59"
        ]
    },
    "2": {
        "testing": [
            "SemSearch_ES-108",
            "SemSearch_ES-98",
            "SemSearch_ES-76",
            "SemSearch_ES-95",
            "SemSearch_ES-86",
            "SemSearch_ES-11",
            "SemSearch_ES-94",
            "SemSearch_ES-15",
            "SemSearch_ES-6",
            "SemSearch_ES-81",
            "SemSearch_ES-57",
            "SemSearch_ES-127",
            "SemSearch_ES-26",
            "SemSearch_ES-5",
            "SemSearch_ES-38",
            "SemSearch_ES-130",
            "SemSearch_ES-124",
            "SemSearch_ES-39",
            "SemSearch_ES-82",
            "SemSearch_ES-70",
            "SemSearch_ES-61",
            "SemSearch_ES-54",
            "SemSearch_ES-40"
        ],
        "training": [
            "SemSearch_ES-135",
            "SemSearch_ES-79",
            "SemSearch_ES-128",
            "SemSearch_ES-36",
            "SemSearch_ES-14",
            "SemSearch_ES-52",
            "SemSearch_ES-21",
            "SemSearch_ES-118",
            "SemSearch_ES-32",
            "SemSearch_ES-132",
            "SemSearch_ES-90",
            "SemSearch_ES-89",
            "SemSearch_ES-23",
            "SemSearch_ES-88",
            "SemSearch_ES-10",
            "SemSearch_ES-42",
            "SemSearch_ES-12",
            "SemSearch_ES-30",
            "SemSearch_ES-111",
            "SemSearch_ES-22",
            "SemSearch_ES-4",
            "SemSearch_ES-24",
            "SemSearch_ES-63",
            "SemSearch_ES-139",
            "SemSearch_ES-1",
            "SemSearch_ES-115",
            "SemSearch_ES-100",
            "SemSearch_ES-75",
            "SemSearch_ES-9",
            "SemSearch_ES-71",
            "SemSearch_ES-97",
            "SemSearch_ES-123",
            "SemSearch_ES-80",
            "SemSearch_ES-47",
            "SemSearch_ES-106",
            "SemSearch_ES-107",
            "SemSearch_ES-37",
            "SemSearch_ES-125",
            "SemSearch_ES-73",
            "SemSearch_ES-114",
            "SemSearch_ES-34",
            "SemSearch_ES-53",
            "SemSearch_ES-41",
            "SemSearch_ES-16",
            "SemSearch_ES-31",
            "SemSearch_ES-60",
            "SemSearch_ES-45",
            "SemSearch_ES-66",
            "SemSearch_ES-33",
            "SemSearch_ES-3",
            "SemSearch_ES-49",
            "SemSearch_ES-68",
            "SemSearch_ES-50",
            "SemSearch_ES-120",
            "SemSearch_ES-78",
            "SemSearch_ES-72",
            "SemSearch_ES-101",
            "SemSearch_ES-13",
            "SemSearch_ES-85",
            "SemSearch_ES-28",
            "SemSearch_ES-102",
            "SemSearch_ES-109",
            "SemSearch_ES-74",
            "SemSearch_ES-7",
            "SemSearch_ES-141",
            "SemSearch_ES-58",
            "SemSearch_ES-77",
            "SemSearch_ES-65",
            "SemSearch_ES-99",
            "SemSearch_ES-119",
            "SemSearch_ES-84",
            "SemSearch_ES-20",
            "SemSearch_ES-19",
            "SemSearch_ES-25",
            "SemSearch_ES-56",
            "SemSearch_ES-93",
            "SemSearch_ES-96",
            "SemSearch_ES-83",
            "SemSearch_ES-67",
            "SemSearch_ES-29",
            "SemSearch_ES-131",
            "SemSearch_ES-136",
            "SemSearch_ES-129",
            "SemSearch_ES-137",
            "SemSearch_ES-17",
            "SemSearch_ES-2",
            "SemSearch_ES-91",
            "SemSearch_ES-18",
            "SemSearch_ES-104",
            "SemSearch_ES-59"
        ]
    },
    "3": {
        "testing": [
            "SemSearch_ES-128",
            "SemSearch_ES-21",
            "SemSearch_ES-132",
            "SemSearch_ES-88",
            "SemSearch_ES-30",
            "SemSearch_ES-24",
            "SemSearch_ES-115",
            "SemSearch_ES-71",
            "SemSearch_ES-47",
            "SemSearch_ES-125",
            "SemSearch_ES-34",
            "SemSearch_ES-31",
            "SemSearch_ES-33",
            "SemSearch_ES-50",
            "SemSearch_ES-101",
            "SemSearch_ES-102",
            "SemSearch_ES-141",
            "SemSearch_ES-99",
            "SemSearch_ES-19",
            "SemSearch_ES-96",
            "SemSearch_ES-131",
            "SemSearch_ES-17",
            "SemSearch_ES-104"
        ],
        "training": [
            "SemSearch_ES-135",
            "SemSearch_ES-79",
            "SemSearch_ES-108",
            "SemSearch_ES-36",
            "SemSearch_ES-14",
            "SemSearch_ES-52",
            "SemSearch_ES-98",
            "SemSearch_ES-118",
            "SemSearch_ES-32",
            "SemSearch_ES-76",
            "SemSearch_ES-90",
            "SemSearch_ES-89",
            "SemSearch_ES-23",
            "SemSearch_ES-95",
            "SemSearch_ES-10",
            "SemSearch_ES-42",
            "SemSearch_ES-12",
            "SemSearch_ES-86",
            "SemSearch_ES-111",
            "SemSearch_ES-22",
            "SemSearch_ES-4",
            "SemSearch_ES-11",
            "SemSearch_ES-63",
            "SemSearch_ES-139",
            "SemSearch_ES-1",
            "SemSearch_ES-94",
            "SemSearch_ES-100",
            "SemSearch_ES-75",
            "SemSearch_ES-9",
            "SemSearch_ES-15",
            "SemSearch_ES-97",
            "SemSearch_ES-123",
            "SemSearch_ES-80",
            "SemSearch_ES-6",
            "SemSearch_ES-106",
            "SemSearch_ES-107",
            "SemSearch_ES-37",
            "SemSearch_ES-81",
            "SemSearch_ES-73",
            "SemSearch_ES-114",
            "SemSearch_ES-57",
            "SemSearch_ES-53",
            "SemSearch_ES-41",
            "SemSearch_ES-16",
            "SemSearch_ES-127",
            "SemSearch_ES-60",
            "SemSearch_ES-45",
            "SemSearch_ES-66",
            "SemSearch_ES-26",
            "SemSearch_ES-3",
            "SemSearch_ES-49",
            "SemSearch_ES-68",
            "SemSearch_ES-5",
            "SemSearch_ES-120",
            "SemSearch_ES-78",
            "SemSearch_ES-72",
            "SemSearch_ES-38",
            "SemSearch_ES-13",
            "SemSearch_ES-85",
            "SemSearch_ES-28",
            "SemSearch_ES-130",
            "SemSearch_ES-109",
            "SemSearch_ES-74",
            "SemSearch_ES-7",
            "SemSearch_ES-124",
            "SemSearch_ES-58",
            "SemSearch_ES-77",
            "SemSearch_ES-65",
            "SemSearch_ES-39",
            "SemSearch_ES-119",
            "SemSearch_ES-84",
            "SemSearch_ES-20",
            "SemSearch_ES-82",
            "SemSearch_ES-25",
            "SemSearch_ES-56",
            "SemSearch_ES-93",
            "SemSearch_ES-70",
            "SemSearch_ES-83",
            "SemSearch_ES-67",
            "SemSearch_ES-29",
            "SemSearch_ES-61",
            "SemSearch_ES-136",
            "SemSearch_ES-129",
            "SemSearch_ES-137",
            "SemSearch_ES-54",
            "SemSearch_ES-2",
            "SemSearch_ES-91",
            "SemSearch_ES-18",
            "SemSearch_ES-40",
            "SemSearch_ES-59"
        ]
    },
    "4": {
        "testing": [
            "SemSearch_ES-36",
            "SemSearch_ES-118",
            "SemSearch_ES-90",
            "SemSearch_ES-10",
            "SemSearch_ES-111",
            "SemSearch_ES-63",
            "SemSearch_ES-100",
            "SemSearch_ES-97",
            "SemSearch_ES-106",
            "SemSearch_ES-73",
            "SemSearch_ES-53",
            "SemSearch_ES-60",
            "SemSearch_ES-3",
            "SemSearch_ES-120",
            "SemSearch_ES-13",
            "SemSearch_ES-109",
            "SemSearch_ES-58",
            "SemSearch_ES-119",
            "SemSearch_ES-25",
            "SemSearch_ES-83",
            "SemSearch_ES-136",
            "SemSearch_ES-2",
            "SemSearch_ES-59"
        ],
        "training": [
            "SemSearch_ES-135",
            "SemSearch_ES-79",
            "SemSearch_ES-108",
            "SemSearch_ES-128",
            "SemSearch_ES-14",
            "SemSearch_ES-52",
            "SemSearch_ES-98",
            "SemSearch_ES-21",
            "SemSearch_ES-32",
            "SemSearch_ES-76",
            "SemSearch_ES-132",
            "SemSearch_ES-89",
            "SemSearch_ES-23",
            "SemSearch_ES-95",
            "SemSearch_ES-88",
            "SemSearch_ES-42",
            "SemSearch_ES-12",
            "SemSearch_ES-86",
            "SemSearch_ES-30",
            "SemSearch_ES-22",
            "SemSearch_ES-4",
            "SemSearch_ES-11",
            "SemSearch_ES-24",
            "SemSearch_ES-139",
            "SemSearch_ES-1",
            "SemSearch_ES-94",
            "SemSearch_ES-115",
            "SemSearch_ES-75",
            "SemSearch_ES-9",
            "SemSearch_ES-15",
            "SemSearch_ES-71",
            "SemSearch_ES-123",
            "SemSearch_ES-80",
            "SemSearch_ES-6",
            "SemSearch_ES-47",
            "SemSearch_ES-107",
            "SemSearch_ES-37",
            "SemSearch_ES-81",
            "SemSearch_ES-125",
            "SemSearch_ES-114",
            "SemSearch_ES-57",
            "SemSearch_ES-34",
            "SemSearch_ES-41",
            "SemSearch_ES-16",
            "SemSearch_ES-127",
            "SemSearch_ES-31",
            "SemSearch_ES-45",
            "SemSearch_ES-66",
            "SemSearch_ES-26",
            "SemSearch_ES-33",
            "SemSearch_ES-49",
            "SemSearch_ES-68",
            "SemSearch_ES-5",
            "SemSearch_ES-50",
            "SemSearch_ES-78",
            "SemSearch_ES-72",
            "SemSearch_ES-38",
            "SemSearch_ES-101",
            "SemSearch_ES-85",
            "SemSearch_ES-28",
            "SemSearch_ES-130",
            "SemSearch_ES-102",
            "SemSearch_ES-74",
            "SemSearch_ES-7",
            "SemSearch_ES-124",
            "SemSearch_ES-141",
            "SemSearch_ES-77",
            "SemSearch_ES-65",
            "SemSearch_ES-39",
            "SemSearch_ES-99",
            "SemSearch_ES-84",
            "SemSearch_ES-20",
            "SemSearch_ES-82",
            "SemSearch_ES-19",
            "SemSearch_ES-56",
            "SemSearch_ES-93",
            "SemSearch_ES-70",
            "SemSearch_ES-96",
            "SemSearch_ES-67",
            "SemSearch_ES-29",
            "SemSearch_ES-61",
            "SemSearch_ES-131",
            "SemSearch_ES-129",
            "SemSearch_ES-137",
            "SemSearch_ES-54",
            "SemSearch_ES-17",
            "SemSearch_ES-91",
            "SemSearch_ES-18",
            "SemSearch_ES-40",
            "SemSearch_ES-104"
        ]
    }
}